750A1M,260539
0VN9BW,350602
181EN6,995975
87M08D,056396
H6SYT5,657731
5UK5D7,363711
NSOMH0,144189
HVDPKG,916167
L7RD3K,364366
V93B4Y,400821
9P0ZJE,034936
ATV0LK,234258
F3S9CU,356106
W3UYWZ,470886
UPOU6R,565528
FV5UNC,166678
WBSOGN,140239
MYX1G9,691099
ZA4BX9,255552
VXQTIC,281212
FEGKSA,997811
827TX9,996224
WCK608,444273
KMOTYK,137415
8RWFNY,749787
H67VVM,183347
0IGLT6,168161
KIW8GN,560768
YMT3Y0,837939
0Y3NFN,584402
IRPPIY,756161
V97KKD,843408
IDZ4L5,290610
UZRACD,028362
O0P5P2,053364
VWZP60,157912
GXELJ0,833213
MQEZ4E,332555
COWBXX,339084
U9GGG0,860501
UL3U2O,808091
2SRYX4,928287
PVGU9E,991121
C45TQV,278463
2RNYY5,316443
1IM652,461485
Z7E2JI,637207
OSIE1Q,816760
ZSWZEC,611668
8VR74R,486992
ORYJLZ,988571
6YKVJA,166627
LVDOT3,177298
9QVAU5,758198
I8TD6U,441288
7YJH2Z,377670
S8R7OB,376037
526I8I,684696
WFI7GB,362296
6VK5ZB,665987
U7QBQN,648232
RFZHIS,199161
JA2GJ9,393992
8EBE7R,856770
80C06X,258683
U0D4YR,014386
LNNTDG,705783
VQ72RD,728035
ManagerTest,123456DIZHZ6,448673
RERI6A,563766
